,分词排序,词频
0,钢琴,554
1,海伦,392
2,宁波,110
3,制造,83
4,文化,72
5,信息,66
6,乐器,60
7,智能,56
8,教育,50
9,音乐,45
10,艺术,34
11,北仑区,31
12,互联网,30
13,结余,29
14,建设,27
15,超募,24
16,部件,23
17,国家级,23
18,立式,22
19,工程,22
20,传统,21
21,文化产业,21
22,台,21
23,扩建,20
24,击弦机,20
25,香港,19
26,创业板,19
27,起任,19
28,陈,18
29,四季,18
30,北仑,17
31,金海,17
32,路,16
33,北京,15
34,工程技术,15
35,钢琴家,15
36,投资总额,15
37,育星,14
38,罗曼,14
39,科技,14
40,资讯网,14
41,南雄市,13
42,维也纳,13
43,电钢琴,13
44,陈朝峰,13
45,制品,12
46,龙潭山,12
47,教学,12
48,高新技术,12
49,银行,12
50,三角钢琴,11
51,环保,11
52,开发技术,11
53,材料,11
54,芬,11
55,梅山,11
56,保税,11
57,港区,11
58,消费,10
59,营口,10
60,音乐会,10
61,环境,10
62,音乐教育,10
63,奥地利,10
64,工业园区,10
65,第七次,10
66,第六次,10
67,土地,10
68,中央,10
69,数据,9
70,工业,9
71,自立,9
72,上线,8
73,双海琴,8
74,壳,8
75,安信,8
76,中东欧,8
77,艺术节,8
78,机芯,8
79,技术开发区,8
80,名单,8
81,就职,8
82,建造,8
83,金江,7
84,伦琴,7
85,凳,7
86,七彩,7
87,网站,7
88,定位,7
89,国外,7
90,外销,7
91,电商,7
92,资源,7
93,举办,7
94,架,7
95,外汇,7
96,定期存款,7
97,检测,7
98,校企,7
99,捷克,7
100,之旅,7
101,套,7
102,调试,7
103,第十四次,7
104,应急,7
105,弗里希,7
106,同心,6
107,制造业,6
108,迪士尼,6
109,教室,6
110,外壳,6
111,外观,6
112,科学,6
113,实践,6
114,丝路,6
115,琴声,6
116,走过,6
117,配件,6
118,第九次,6
119,新建,6
120,由原,6
121,在内,6
122,第八次,6
123,顾客,6
124,赞助,6
125,房地产,6
126,嵌入,6
127,建筑物,6
128,工程师,6
129,三线,5
130,装潢,5
131,电镀厂,5
132,网络,5
133,率先,5
134,个性化,5
135,软件,5
136,大师,5
137,旅游,5
138,知名,5
139,宣传部,5
140,技术创新,5
141,对比,5
142,展,5
143,比赛,5
144,俄罗斯,5
145,中介,5
146,第十一次,5
147,第十二次,5
148,核查,5
149,内销,5
150,元后,5
151,派发,5
152,巴赫,5
153,学校,5
154,陈斌,5
155,卓,5
156,锋,5
157,送货,5
158,装船,5
159,商品销售,5
160,川音,5
161,经贸,5
162,把握,4
163,产品开发,4
164,步伐,4
165,更名,4
166,石定靖,4
167,媒体,4
168,瑞华,4
169,孙玉霞,4
170,孙业亮,4
171,欧洲,4
172,经贸合作,4
173,国家火炬计划,4
174,计算机辅助,4
175,共有,4
176,宣传,4
177,班,4
178,线上,4
179,产业结构,4
180,发明专利,4
181,德国,4
182,坦,4
183,承办,4
184,爱好者,4
185,交流,4
186,苏州,4
187,西,4
188,音妙,4
189,琴行,4
190,带,4
191,尾款,4
192,租用,4
193,面积,4
194,第十三次,4
195,现于,4
196,延伸,4
197,延迟,4
198,铺底,4
199,尚需,4
200,开设,4
201,危害,4
202,启蒙教育,4
203,编日,4
204,摘要,4
205,对此,4
206,公示,4
207,健康,4
208,主任委员,4
209,人民,4
210,事业,4
211,扶贫,4
212,李耀强,4
213,陈良君,4
214,来访,4
215,熟悉,4
216,混合,4
217,签收,4
218,单据,4
219,报关,4
220,保险费,4
221,归类,4
222,教育费,4
223,宏声,4
224,粮局,4
225,服务中心,4
226,科技局,4
227,委,4
228,新兴产业,4
229,鄞州,4
230,王琼,3
231,呈现,3
232,院校,3
233,开发新,3
234,五金厂,3
235,大榭,3
236,电子信箱,3
237,海淀区,3
238,研制,3
239,动漫,3
240,启蒙,3
241,智能化,3
242,交货,3
243,销售业务,3
244,带动,3
245,技术改造,3
246,逐步形成,3
247,数字化,3
248,工艺流程,3
249,人工成本,3
250,态势,3
251,娱乐,3
252,消费市场,3
253,谋求,3
254,增量,3
255,结构调整,3
256,合作意向,3
257,卓越,3
258,摆脱,3
259,特性,3
260,行业协会,3
261,鉴定,3
262,列入,3
263,荣获,3
264,有益,3
265,高度,3
266,信息化,3
267,服务型,3
268,实物,3
269,手段,3
270,结构性,3
271,环节,3
272,佩卓夫,3
273,弦,3
274,很大,3
275,上海,3
276,深圳,3
277,各大,3
278,邀请,3
279,巡演,3
280,游戏,3
281,增设,3
282,汽车配件,3
283,五金模具,3
284,定向,3
285,关键因素,3
286,追索权,3
287,鼓尚,3
288,新厂区,3
289,北海,3
290,投向,3
291,加剧,3
292,当中,3
293,定制,3
294,划转,3
295,甬发,3
296,已获,3
297,筹划,3
298,天健,3
299,节约,3
300,付出,3
301,现金管理,3
302,以此,3
303,超越,3
304,透明度,3
305,经天健,3
306,住房,3
307,日日,3
308,爱乐,3
309,收集,3
310,环境保护,3
311,制订,3
312,门,3
313,抗台,3
314,浙江,3
315,测量,3
316,操作,3
317,边疆,3
318,就业,3
319,甘娜,3
320,股外,3
321,王伟,3
322,周英,3
323,陆鸣,3
324,初,3
325,姚维芳,3
326,汉明,3
327,简历,3
328,见本节,3
329,人力资源,3
330,劳动合同,3
331,保险,3
332,建立健全,3
333,工作细则,3
334,面向市场,3
335,设有,3
336,利益者,3
337,日年,3
338,工作效率,3
339,偏离,3
340,函证,3
341,保费,3
342,准备金,3
343,生物,3
344,油气,3
345,中央银行,3
346,数在,3
347,投出,3
348,公平交易,3
349,物料,3
350,养老保险,3
351,余值,3
352,分类单位,3
353,年薪,3
354,外经贸,3
355,企,3
356,土地税,3
357,商务局,3
358,服务业,3
359,发展局,3
360,主管人员,2
361,动态,2
362,大中城市,2
363,开,2
364,战略重点,2
365,各层次,2
366,潜在用户,2
367,项目风险,2
368,接受程度,2
369,广度,2
370,股股,2
371,永盟,2
372,云乐,2
373,外文,2
374,网址,2
375,选定,2
376,证券部,2
377,机构名称,2
378,比上,2
379,统一标准,2
380,否一,2
381,文,2
382,德隆,2
383,弗尔,2
384,开启,2
385,静音,2
386,以销定产,2
387,缩短,2
388,明确规定,2
389,电子商务,2
390,更好,2
391,外延,2
392,化解,2
393,缓解,2
394,释放,2
395,专注,2
396,美日,2
397,等国,2
398,工业化生产,2
399,特有,2
400,一整套,2
401,项新,2
402,申请专利,2
403,年底,2
404,著作权,2
405,推荐,2
406,亮点,2
407,知名度,2
408,配合,2
409,大赛,2
410,稳步,2
411,顺应,2
412,潮流,2
413,在线,2
414,同步,2
415,单价,2
416,上涨,2
417,不断扩大,2
418,致使,2
419,步入,2
420,常态,2
421,转向,2
422,变局,2
423,内功,2
424,终端,2
425,创意,2
426,系海艺,2
427,网络科技,2
428,转化成,2
429,兑现,2
430,执行力,2
431,高起点,2
432,限度,2
433,高新科技,2
434,产品品质,2
435,指明,2
436,第一家,2
437,文化部,2
438,起草,2
439,致力于,2
440,荣誉,2
441,法国,2
442,大奖,2
443,评为,2
444,色彩,2
445,最高级别,2
446,奖项,2
447,参,2
448,琴,2
449,排名,2
450,北美,2
451,斩获,2
452,沈阳,2
453,音乐学院,2
454,高等院校,2
455,供给,2
456,侧,2
457,尝试,2
458,高素质,2
459,实用型,2
460,专业人才,2
461,优势互补,2
462,互惠,2
463,共赢,2
464,高校,2
465,教学科研,2
466,生产实践,2
467,契合,2
468,评定,2
469,产品设计,2
470,试制,2
471,频率,2
472,曲线,2
473,联锁,2
474,一环,2
475,生产工艺,2
476,贝希斯,2
477,合作伙伴,2
478,选用,2
479,枕,2
480,得以,2
481,一支,2
482,素质,2
483,来源于,2
484,多家,2
485,技术水平,2
486,增多,2
487,三会,2
488,外部环境,2
489,抗,2
490,多种形式,2
491,途径,2
492,积极参与,2
493,广州,2
494,吸引,2
495,报道,2
496,直播,2
497,节目,2
498,钢琴演奏,2
499,传播,2
500,弗拉基米尔,2
501,科尼埃科瓦,2
502,临沂,2
503,重庆,2
504,演奏家,2
505,杨磊,2
506,娃,2
507,波兰,2
508,亚采克,2
509,科尔,2
510,塔斯,2
511,合肥,2
512,广播,2
513,电影,2
514,电视,2
515,信息技术,2
516,码克,2
517,宁海县,2
518,立宇,2
519,广告宣传,2
520,结合实际,2
521,板,2
522,撑杆,2
523,多色,2
524,意向,2
525,支取,2
526,投资额,2
527,盈亏,2
528,海宇,2
529,年份,2
530,去向,2
531,另作,2
532,增发,2
533,完工后,2
534,节约使用,2
535,变为,2
536,存入,2
537,否不,2
538,乏力,2
539,资金户,2
540,厂区,2
541,第十九次,2
542,永久性,2
543,募,2
544,资金运用,2
545,另行,2
546,审慎,2
547,可行性研究,2
548,象保,2
549,沿海,2
550,南线,2
551,德海,2
552,二道,2
553,交叉口,2
554,地块,2
555,先期,2
556,预先,2
557,业经,2
558,到位,2
559,严格控制,2
560,配置,2
561,近几年,2
562,打破,2
563,进口,2
564,想,2
565,异常,2
566,家庭,2
567,生存,2
568,群体,2
569,落地,2
570,教学模式,2
571,思维,2
572,登记表,2
573,详细情况,2
574,经瑞华,2
575,拟定,2
576,时所作,2
577,再融资,2
578,商业机会,2
579,签订协议,2
580,金钱,2
581,中有,2
582,对手,2
583,方对,2
584,解聘,2
585,改聘,2
586,更换,2
587,第五次,2
588,公示栏,2
589,接到,2
590,异议,2
591,主体资格,2
592,成就,2
593,所涉,2
594,人力资源部,2
595,满意,2
596,场所,2
597,台风,2
598,领导小组,2
599,消防,2
600,模拟,2
601,演练,2
602,质量技术监督局,2
603,满意度,2
604,贡献,2
605,余款,2
606,用具,2
607,调,2
608,创业,2
609,助力,2
610,陶冶,2
611,情操,2
612,演出,2
613,公共责任,2
614,岗,2
615,汪清县,2
616,公益,2
617,外资股,2
618,芬年,2
619,汇金,2
620,戴曙燕,2
621,黄俊杰,2
622,陈淑新,2
623,朱香,2
624,肖平,2
625,招商,2
626,任海,2
627,任永盟,2
628,性别,2
629,吴凌迪,2
630,胡,2
631,年任,2
632,市场部,2
633,员年,2
634,秘书长,2
635,诚,2
636,震旦,2
637,事务所律师,2
638,东海,2
639,考核制度,2
640,已行权,2
641,公司员工,2
642,按规定,2
643,人事,2
644,深入开展,2
645,兼并,2
646,公司法人,2
647,自主经营,2
648,召集,2
649,见证,2
650,平等,2
651,现象,2
652,职权,2
653,换届选举,2
654,公众,2
655,会议记录,2
656,专职,2
657,社保,2
658,专利权,2
659,分支机构,2
660,会计核算,2
661,业务流程,2
662,修正,2
663,衡量,2
664,参照,2
665,瑞华审,2
666,货物运输,2
667,联上,2
668,时间性,2
669,报关单,2
670,查阅,2
671,或本,2
672,工商行政管理局,2
673,登记注册,2
674,编报,2
675,权责,2
676,多方,2
677,指为,2
678,表中,2
679,当本,2
680,易于,2
681,兑换,2
682,下述,2
683,额后,2
684,除此以外,2
685,因购买,2
686,此基础,2
687,机器设备,2
688,运输工具,2
689,结果表明,2
690,买方,2
691,装修费,2
692,医疗保险,2
693,生育,2
694,工伤保险,2
695,工会,2
696,教育经费,2
697,裁减,2
698,退休,2
699,换取,2
700,权在,2
701,日以,2
702,下于,2
703,例外情况,2
704,每一,2
705,长期负债,2
706,款额,2
707,原先,2
708,计征,2
709,小型,2
710,微利,2
711,文德龙,2
712,徳国贝,2
713,西斯,2
714,维舞,2
715,撤资,2
716,郑之杰,2
717,韦志勇,2
718,房租,2
719,增,2
720,工程项目,2
721,募股,2
722,元称,2
723,盈信,2
724,天一,2
725,设计费,2
726,每月,2
727,运费,2
728,机,2
729,展览,2
730,汽车,2
731,韦恩,2
732,水利,2
733,引智,2
734,毁损,2
735,八大,2
736,文创,2
737,排行,2
738,商务,2
739,补助费,2
740,保障局,2
741,区级,2
742,稳增,2
743,促调,2
744,辽宁省,2
745,限定,2
746,之内,2
747,承受,2
748,除本,2
749,升值,2
750,贬值,2
751,港元,2
752,锡,2
753,青铜,2
754,施行,2
755,原件,2
756,锋及,1
757,激烈,1
758,资源整合,1
759,经营规模,1
760,关键技术,1
761,掌控,1
762,档次,1
763,经济效益,1
764,销售价格,1
765,充分利用,1
766,生产能力,1
767,如期完成,1
768,信息网络,1
769,上均,1
770,创新性,1
771,送,1
772,红,1
773,项指,1
774,海艺,1
775,指永盟,1
776,鄞州云乐,1
777,前身,1
778,指瑞华,1
779,中文名称,1
780,中文,1
781,缩写,1
782,联系人,1
783,联系方式,1
784,联系地址,1
785,电话传真,1
786,李晶,1
787,登载,1
788,西四环,1
789,中路,1
790,号院,1
791,楼层,1
792,代表人,1
793,西城区,1
794,阜成门,1
795,北大街,1
796,国投,1
797,乔岩程,1
798,桃红,1
799,年本,1
800,六分,1
801,第一季度,1
802,第二季度,1
803,第三季度,1
804,第四季度,1
805,其加,1
806,八非,1
807,元非,1
808,冲销,1
809,创立,1
810,四大,1
811,零配件,1
812,核心部件,1
813,整琴,1
814,精品,1
815,贴牌,1
816,三是,1
817,组建,1
818,四是,1
819,希佩卓夫,1
820,罗瑟,1
821,齐默曼,1
822,人群,1
823,联手,1
824,教程,1
825,表演艺术,1
826,教学法,1
827,教具,1
828,孩子,1
829,学琴,1
830,之路,1
831,妙趣横生,1
832,趣味,1
833,多元,1
834,弹奏,1
835,卡通,1
836,元素,1
837,课程,1
838,教材,1
839,别具匠心,1
840,乐谱,1
841,创作,1
842,新颖,1
843,刺激,1
844,对战,1
845,便,1
846,引入,1
847,计算机,1
848,一代,1
849,搭载,1
850,硬件,1
851,远程教学,1
852,自学,1
853,台阶,1
854,较长,1
855,华东区,1
856,华南区,1
857,华中,1
858,华北区,1
859,东北区,1
860,西南区,1
861,西北区,1
862,分设,1
863,区域经理,1
864,会为,1
865,技术支持,1
866,年终,1
867,美洲,1
868,亚太地区,1
869,权限,1
870,线下,1
871,扩能,1
872,北方,1
873,合理化,1
874,型号,1
875,水晶,1
876,国民经济,1
877,支柱性,1
878,区域性,1
879,群,1
880,政策性,1
881,推介,1
882,网络营销,1
883,传递,1
884,网点,1
885,京东,1
886,天猫,1
887,旗舰店,1
888,产品价格,1
889,主营,1
890,课程体系,1
891,美术教育,1
892,舞蹈,1
893,筛选,1
894,择优,1
895,趋于,1
896,周期性,1
897,高速,1
898,中速,1
899,不利因素,1
900,拥抱,1
901,键盘乐器,1
902,浪潮,1
903,素质教育,1
904,大众,1
905,并行,1
906,迭代,1
907,对内,1
908,修炼,1
909,模式化,1
910,讲述,1
911,故事,1
912,阶段性,1
913,供不应求,1
914,多功能,1
915,联动,1
916,这是,1
917,革新,1
918,秉持,1
919,之初,1
920,高技术,1
921,高质量,1
922,世界领先,1
923,接轨,1
924,手工,1
925,系列化,1
926,正规化,1
927,继承,1
928,实施方案,1
929,适时,1
930,点燃,1
931,整机,1
932,先发,1
933,竞争对手,1
934,缩小,1
935,生产商,1
936,差距,1
937,战略规划,1
938,几年,1
939,一步,1
940,命名,1
941,国家标准,1
942,修订者,1
943,副理事长,1
944,领先地位,1
945,品牌优势,1
946,品牌战略,1
947,消费者,1
948,口碑,1
949,关注度,1
950,如年牌,1
951,杂志,1
952,类金,1
953,音叉,1
954,声音,1
955,手感,1
956,感情,1
957,踏板,1
958,颗星,1
959,轻工业,1
960,照样,1
961,牌,1
962,入选,1
963,级别,1
964,终身,1
965,成就奖,1
966,王者,1
967,再次,1
968,力克,1
969,声学,1
970,攀升,1
971,签约,1
972,不仅仅,1
973,更是,1
974,联盟,1
975,商务部,1
976,新闻出版,1
977,广电总局,1
978,中国共产党中央委员会,1
979,荣誉称号,1
980,颁发,1
981,新品,1
982,一贯,1
983,伊始,1
984,放样,1
985,模仿,1
986,测绘,1
987,数字模拟,1
988,至个,1
989,成功率,1
990,高线,1
991,标注,1
992,法网,1
993,格状,1
994,振幅,1
995,内应力,1
996,三维,1
997,坐标,1
998,动态分析,1
999,动静,1
1000,负荷,1
1001,传动比,1
1002,音频,1
1003,传导,1
1004,速率,1
1005,调音,1
1006,音准,1
1007,物理,1
1008,感官,1
1009,音板,1
1010,弧形,1
1011,应力,1
1012,预,1
1013,大大减少,1
1014,压缩,1
1015,实验,1
1016,斥资,1
1017,数字控制,1
1018,衔接,1
1019,数控机床,1
1020,落后,1
1021,零部件,1
1022,精度,1
1023,孔,1
1024,链接,1
1025,紧扣,1
1026,制约,1
1027,一套,1
1028,流水,1
1029,领先水平,1
1030,首创,1
1031,业内,1
1032,近个,1
1033,零件,1
1034,钢铁,1
1035,有色金属,1
1036,木材,1
1037,化工,1
1038,毛毡,1
1039,纺织物,1
1040,皮革,1
1041,多类,1
1042,预处理,1
1043,技术含量,1
1044,化学,1
1045,处理工艺,1
1046,良好效果,1
1047,大胆,1
1048,铸,1
1049,铝合金,1
1050,中盘,1
1051,合金,1
1052,铜,1
1053,合金钢,1
1054,特制,1
1055,弹簧,1
1056,聚合,1
1057,复合材料,1
1058,琴键,1
1059,仿,1
1060,天然,1
1061,合成,1
1062,黑檀木,1
1063,黑键,1
1064,专利技术,1
1065,结构合理,1
1066,较强,1
1067,创新型,1
1068,人才队伍,1
1069,著名,1
1070,一批,1
1071,中青年,1
1072,技术骨干,1
1073,带头人,1
1074,壮大,1
1075,厂商,1
1076,双边合作,1
1077,创新能力,1
1078,促进作用,1
1079,日趋,1
1080,错综复杂,1
1081,抑制,1
1082,拓建,1
1083,流水线,1
1084,立足,1
1085,联新,1
1086,被动,1
1087,进驻,1
1088,对话,1
1089,策划,1
1090,方针,1
1091,稳固,1
1092,深化,1
1093,品牌形象,1
1094,挖掘,1
1095,位居,1
1096,并未,1
1097,出于,1
1098,砝码,1
1099,略有,1
1100,来说,1
1101,保持稳定,1
1102,办公会议,1
1103,体现,1
1104,领导,1
1105,经理层,1
1106,建章立制,1
1107,工作力度,1
1108,继续加强,1
1109,经营风险,1
1110,坏,1
1111,便捷,1
1112,高效化,1
1113,管理手段,1
1114,实时,1
1115,迈进,1
1116,展如,1
1117,法兰克福,1
1118,文博会,1
1119,博览会,1
1120,业界,1
1121,报刊杂志,1
1122,新浪,1
1123,今日,1
1124,头条,1
1125,综合性,1
1126,余家,1
1127,图文,1
1128,视频,1
1129,录播,1
1130,中央电视台,1
1131,经典,1
1132,咏,1
1133,流传,1
1134,演奏者,1
1135,第一代,1
1136,巫漪丽,1
1137,引发,1
1138,献声,1
1139,国家大剧院,1
1140,蒲公英,1
1141,汇演,1
1142,电视剧,1
1143,飞天奖,1
1144,广播电视,1
1145,星光奖,1
1146,颁奖典礼,1
1147,此次,1
1148,盛事,1
1149,用琴,1
1150,为典,1
1151,礼献声,1
1152,音才,1
1153,奖,1
1154,邀请赛,1
1155,参赛选手,1
1156,两万人次,1
1157,多位,1
1158,全国性,1
1159,聆听,1
1160,音乐家,1
1161,演奏,1
1162,演绎,1
1163,学习者,1
1164,展现,1
1165,风格,1
1166,接近,1
1167,热爱,1
1168,融入,1
1169,巡回,1
1170,课,1
1171,独奏,1
1172,走进,1
1173,清远,1
1174,鹤山,1
1175,韶关,1
1176,榆林,1
1177,丹东,1
1178,郑州,1
1179,新乡,1
1180,商丘,1
1181,洛杉矶,1
1182,三重奏,1
1183,赣州,1
1184,邯郸,1
1185,台州,1
1186,九江,1
1187,上饶,1
1188,嘉兴,1
1189,义乌,1
1190,大同,1
1191,滨州,1
1192,安德烈,1
1193,史比科,1
1194,萨克斯,1
1195,王有,1
1196,哈尔滨,1
1197,青岛,1
1198,浦江,1
1199,金华,1
1200,保定,1
1201,许昌,1
1202,平顶山,1
1203,恩施,1
1204,荆门,1
1205,襄阳,1
1206,德阳,1
1207,泸州,1
1208,常州,1
1209,宜兴,1
1210,古筝,1
1211,王宓晶,1
1212,东营,1
1213,菏泽,1
1214,酒泉,1
1215,衡阳,1
1216,伊莲娜,1
1217,库兹涅,1
1218,特索,1
1219,昆山,1
1220,扬州,1
1221,漳州,1
1222,泉州,1
1223,岳阳,1
1224,大理,1
1225,曲靖,1
1226,文山,1
1227,贵阳,1
1228,张晓峰,1
1229,桐庐,1
1230,诸暨,1
1231,太原,1
1232,大庆,1
1233,连云港,1
1234,无锡,1
1235,东莞,1
1236,茂名,1
1237,光伏,1
1238,医疗器械,1
1239,统计,1
1240,台码,1
1241,克,1
1242,用量,1
1243,自用,1
1244,重西,1
1245,前大,1
1246,客户资料,1
1247,倍,1
1248,诺拉,1
1249,希,1
1250,安徽,1
1251,国声,1
1252,佩,1
1253,洛夫,1
1254,天津,1
1255,森鹤,1
1256,烟台,1
1257,金属,1
1258,铸造,1
1259,德清县,1
1260,华韵,1
1261,秉承,1
1262,反馈,1
1263,研发部门,1
1264,技术参数,1
1265,日益,1
1266,打开,1
1267,市场占有率,1
1268,个个,1
1269,专利号,1
1270,双音,1
1271,音源,1
1272,复合,1
1273,弦码,1
1274,底座,1
1275,胎具,1
1276,顶盖,1
1277,半自动,1
1278,无需,1
1279,分弦且,1
1280,永不,1
1281,跑,1
1282,筋,1
1283,净流量,1
1284,三非,1
1285,可持续性,1
1286,无四,1
1287,末年,1
1288,成品,1
1289,系待付,1
1290,元五,1
1291,合作方,1
1292,涉诉,1
1293,贾晓秋,1
1294,杨,1
1295,万福,1
1296,吴,1
1297,永利,1
1298,刘光森,1
1299,陈密,1
1300,五金,1
1301,自建,1
1302,中未,1
1303,时共,1
1304,推至,1
1305,时间延迟,1
1306,不另行,1
1307,三次,1
1308,联网,1
1309,电子,1
1310,数码技术,1
1311,益智,1
1312,健身,1
1313,人性化,1
1314,高科技化,1
1315,低迷,1
1316,人工工资,1
1317,成本增加,1
1318,现代科技,1
1319,紧密结合,1
1320,电声,1
1321,现代化,1
1322,不到,1
1323,制造商,1
1324,该类,1
1325,较长时间,1
1326,顺利,1
1327,工艺技术,1
1328,设计方案,1
1329,基建工程,1
1330,放缓,1
1331,普陀山,1
1332,号宁,1
1333,开政项,1
1334,议,1
1335,甬,1
1336,发改,1
1337,原募,1
1338,大部件,1
1339,结存,1
1340,目,1
1341,审号,1
1342,用地,1
1343,充分考虑,1
1344,共通性,1
1345,合理配置,1
1346,第十次,1
1347,出发,1
1348,谨慎,1
1349,第十六次,1
1350,第十五次,1
1351,产套,1
1352,业化,1
1353,统筹规划,1
1354,新老,1
1355,生产流程,1
1356,无无六,1
1357,回顾,1
1358,复苏,1
1359,政治经济,1
1360,依然,1
1361,金融市场,1
1362,供需,1
1363,错配,1
1364,新政,1
1365,倒逼,1
1366,二手钢琴,1
1367,壁垒,1
1368,隐藏,1
1369,分支,1
1370,两极分化,1
1371,西洋乐器,1
1372,两位数,1
1373,小幅,1
1374,庞大,1
1375,迅猛,1
1376,稳步发展,1
1377,海关总署,1
1378,下滑,1
1379,不难看出,1
1380,不容乐观,1
1381,多重,1
1382,更新换代,1
1383,随之,1
1384,逆转,1
1385,逼迫,1
1386,国产,1
1387,力求,1
1388,更大,1
1389,借助,1
1390,课题,1
1391,基点,1
1392,教育资源,1
1393,课件,1
1394,越来越,1
1395,趋向,1
1396,社会化,1
1397,展开,1
1398,关键点,1
1399,概念,1
1400,琴中,1
1401,须苦炼,1
1402,激发,1
1403,单单,1
1404,着力,1
1405,国际化,1
1406,多元化,1
1407,化将,1
1408,决胜,1
1409,轨道,1
1410,上将,1
1411,跟进,1
1412,抢占市场,1
1413,先机,1
1414,变化趋势,1
1415,持久,1
1416,吉他,1
1417,小提琴,1
1418,现行,1
1419,考量,1
1420,互联,1
1421,注意力,1
1422,沿袭,1
1423,思路,1
1424,本地,1
1425,新生力量,1
1426,总趋势,1
1427,高性能,1
1428,节能,1
1429,劳动密集型,1
1430,密集型,1
1431,便会,1
1432,告,1
1433,新工艺,1
1434,兴起,1
1435,消费观念,1
1436,呈,1
1437,固有,1
1438,瓶颈,1
1439,受众,1
1440,认知,1
1441,记录表,1
1442,经年,1
1443,清晰,1
1444,完备,1
1445,应有,1
1446,表达意见,1
1447,诉求,1
1448,透明,1
1449,送红,1
1450,数元,1
1451,数股,1
1452,成长期,1
1453,中所,1
1454,近年,1
1455,合额,1
1456,中归表中,1
1457,普司,1
1458,股通股,1
1459,东,1
1460,金以,1
1461,报如,1
1462,股表中,1
1463,普红,1
1464,通股,1
1465,收购人,1
1466,中所作,1
1467,承资,1
1468,香,1
1469,竞,1
1470,相年,1
1471,诺港,1
1472,管争,1
1473,理云乐,1
1474,称,1
1475,地以,1
1476,同等条件,1
1477,赋予,1
1478,自本,1
1479,日起本,1
1480,函及,1
1481,函项,1
1482,为止,1
1483,承,1
1484,经济损失,1
1485,回避,1
1486,尽量避免,1
1487,不必要,1
1488,公正,1
1489,合法权,1
1490,借贷,1
1491,代偿,1
1492,代垫,1
1493,滥用,1
1494,侵占,1
1495,需为,1
1496,补缴,1
1497,因未,1
1498,全员,1
1499,住,1
1500,房,1
1501,罚款,1
1502,无须,1
1503,珍在,1
1504,珍,1
1505,任职期间,1
1506,年售,1
1507,转月,1
1508,依本,1
1509,因信,1
1510,年息,1
1511,时当期,1
1512,业当期,1
1513,业间,1
1514,间绩,1
1515,绩,1
1516,未达,1
1517,川年,1
1518,音,1
1519,编,1
1520,为瑞华,1
1521,保荐人,1
1522,概况,1
1523,安全性,1
1524,较差,1
1525,高风险,1
1526,能源消耗,1
1527,综合利用,1
1528,产品安全,1
1529,公共卫生,1
1530,测量方法,1
1531,对策,1
1532,推行,1
1533,人权,1
1534,赢,1
1535,价值观,1
1536,供方,1
1537,人力,1
1538,资源管理,1
1539,舒适,1
1540,旧,1
1541,采取相应,1
1542,问卷调查,1
1543,积极性,1
1544,针对性,1
1545,紧急状态,1
1546,危险,1
1547,人身,1
1548,财产损失,1
1549,降到,1
1550,消防设施,1
1551,照明灯,1
1552,建筑设计,1
1553,防台,1
1554,触电,1
1555,食物中毒,1
1556,紧急,1
1557,应变,1
1558,传染病,1
1559,不定期,1
1560,防火,1
1561,环境危害,1
1562,从中,1
1563,模范,1
1564,绿色,1
1565,工厂,1
1566,称号,1
1567,道德,1
1568,名牌产品,1
1569,守法,1
1570,历年来,1
1571,一例,1
1572,所在区,1
1573,前例,1
1574,售后服务,1
1575,填补,1
1576,空白,1
1577,市场调研,1
1578,核定,1
1579,科技型,1
1580,重点项目,1
1581,领头羊,1
1582,牵头,1
1583,国标,1
1584,监督局,1
1585,进一步提高,1
1586,统一性,1
1587,轮流,1
1588,产学研,1
1589,调律,1
1590,教学设备,1
1591,学生,1
1592,西北,1
1593,免费,1
1594,食宿,1
1595,办学,1
1596,绍成,1
1597,小学,1
1598,开办,1
1599,长效机制,1
1600,产教,1
1601,学科建设,1
1602,人才培养,1
1603,毕业生,1
1604,桥梁,1
1605,力量,1
1606,充裕,1
1607,配用,1
1608,教学资源,1
1609,拉动,1
1610,先锋,1
1611,形式多样,1
1612,盛邀,1
1613,班及,1
1614,赵晓生,1
1615,亚历山大,1
1616,辛,1
1617,查克,1
1618,弗,1
1619,基米尔,1
1620,卡林,1
1621,钢琴师,1
1622,带去,1
1623,听觉,1
1624,盛宴,1
1625,国宝级,1
1626,依奇,1
1627,塔福勒,1
1628,弗兰科,1
1629,场次,1
1630,协办,1
1631,演唱会,1
1632,表演,1
1633,场地,1
1634,丰富多彩,1
1635,多种多样,1
1636,考级,1
1637,集聚,1
1638,一堂,1
1639,心得,1
1640,携手,1
1641,音乐节,1
1642,文化部门,1
1643,公益事业,1
1644,环境污染,1
1645,城镇化,1
1646,进程,1
1647,农民,1
1648,保安,1
1649,工种,1
1650,招聘,1
1651,生源,1
1652,大学生,1
1653,拨音,1
1654,慈善,1
1655,总工会,1
1656,发扬,1
1657,积极支持,1
1658,暂未,1
1659,暂无,1
1660,环境保护部,1
1661,排污,1
1662,十九,1
1663,内资,1
1664,外资,1
1665,股该,1
1666,高管限售,1
1667,股限售,1
1668,股拟,1
1669,由股,1
1670,至股,1
1671,股占,1
1672,减至,1
1673,职工股,1
1674,条限售,1
1675,条,1
1676,情件,1
1677,股件,1
1678,股况,1
1679,戴曙燕除,1
1680,融券,1
1681,国泰君安证券股份有限公司,1
1682,陈淑新除,1
1683,公不,1
1684,芬曾,1
1685,装璜,1
1686,副厂长,1
1687,人未,1
1688,信托,1
1689,股陈,1
1690,陆小明,1
1691,主要职责,1
1692,卓年,1
1693,业务经理,1
1694,初起,1
1695,王伟年,1
1696,所长,1
1697,室主任,1
1698,周英年,1
1699,部门经理,1
1700,陆小,1
1701,青林,1
1702,永兴,1
1703,模具厂,1
1704,厂长,1
1705,精磊,1
1706,机械,1
1707,吴凌迪起,1
1708,法务部,1
1709,管理者,1
1710,超拔,1
1711,于本,1
1712,胡汉,1
1713,峰,1
1714,董监,1
1715,兼职,1
1716,工作量,1
1717,否陆鸣,1
1718,否王伟,1
1719,否周英,1
1720,否陆,1
1721,小明,1
1722,否胡,1
1723,否陈斌,1
1724,否石定靖,1
1725,否李耀强,1
1726,人当期,1
1727,承担费用,1
1728,离退休,1
1729,本科,1
1730,合同法,1
1731,比较完善,1
1732,入职,1
1733,在职人员,1
1734,业务培训,1
1735,职业技能,1
1736,操作规程,1
1737,各个方面,1
1738,改制,1
1739,监管部门,1
1740,信息管理,1
1741,初步,1
1742,搭建,1
1743,议事,1
1744,规程,1
1745,强有力,1
1746,主持,1
1747,意见书,1
1748,发言权,1
1749,充分行使,1
1750,无应,1
1751,提议,1
1752,应由,1
1753,绕过,1
1754,运,1
1755,无为,1
1756,人员构成,1
1757,四个,1
1758,顺利完成,1
1759,职工代表,1
1760,合规性,1
1761,高度重视,1
1762,责任人,1
1763,日常事务,1
1764,报纸,1
1765,专人,1
1766,专线,1
1767,邮箱,1
1768,回复,1
1769,接受投资者,1
1770,良性,1
1771,尊重,1
1772,便于,1
1773,互动关系,1
1774,树立,1
1775,形象,1
1776,接待工作,1
1777,妥善,1
1778,分析师,1
1779,保密工作,1
1780,上传,1
1781,报备,1
1782,存档,1
1783,保管,1
1784,尽职,1
1785,解答,1
1786,疑问,1
1787,人及,1
1788,已向本,1
1789,工资管理,1
1790,劳动法,1
1791,辅助生产,1
1792,服务体系,1
1793,商标,1
1794,申,1
1795,请权,1
1796,车辆,1
1797,支配权,1
1798,独立行使,1
1799,职能部门,1
1800,混同,1
1801,财务部门,1
1802,开立,1
1803,签订合同,1
1804,共用,1
1805,届次,1
1806,通讯,1
1807,董,1
1808,缺席,1
1809,大事,1
1810,议否,1
1811,审阅,1
1812,看法,1
1813,观点,1
1814,专业知识,1
1815,地向,1
1816,建设性,1
1817,宝贵意见,1
1818,听取,1
1819,职能,1
1820,角度,1
1821,专业性,1
1822,无异议,1
1823,事,1
1824,董非,1
1825,判定,1
1826,性高会,1
1827,审计部,1
1828,高会,1
1829,效,1
1830,公认,1
1831,政为,1
1832,策未,1
1833,反,1
1834,控制措施,1
1835,较小会,1
1836,或加,1
1837,非常规,1
1838,账务,1
1839,补偿性,1
1840,定,1
1841,标,1
1842,无保留,1
1843,日未,1
1844,文号,1
1845,正文,1
1846,阐述,1
1847,守则,1
1848,十四所,1
1849,述,1
1850,物流,1
1851,较多且,1
1852,联,1
1853,存,1
1854,着重,1
1855,市场趋势,1
1856,对照,1
1857,对账,1
1858,交易额,1
1859,选取,1
1860,样本,1
1861,回函,1
1862,发票,1
1863,对期,1
1864,这方面,1
1865,别无其他,1
1866,现实,1
1867,高水平,1
1868,总能,1
1869,怀疑,1
1870,串通,1
1871,伪造,1
1872,故意,1
1873,凌驾于,1
1874,之上,1
1875,四对,1
1876,疑虑,1
1877,值得,1
1878,防范措施,1
1879,极少数,1
1880,负面,1
1881,后果,1
1882,益处,1
1883,不应,1
1884,备付,1
1885,拆出,1
1886,赚,1
1887,退保,1
1888,金融机构,1
1889,保险业务,1
1890,保户,1
1891,储金,1
1892,款净,1
1893,或股,1
1894,系经,1
1895,对外贸易,1
1896,合作局,1
1897,中外合资,1
1898,共户,1
1899,户,1
1900,基本准则,1
1901,指南,1
1902,合称,1
1903,请参阅,1
1904,指短于,1
1905,公历,1
1906,自月,1
1907,日止,1
1908,以个,1
1909,周,1
1910,受同,1
1911,并非,1
1912,不足以,1
1913,不受,1
1914,可变,1
1915,要素,1
1916,表中且,1
1917,其自,1
1918,下以,1
1919,仍冲,1
1920,当因,1
1921,按原,1
1922,其后,1
1923,下同,1
1924,因该,1
1925,由本,1
1926,已知,1
1927,很小,1
1928,中国人民银行,1
1929,当日,1
1930,外汇牌价,1
1931,中间价,1
1932,除摊,1
1933,参与者,1
1934,经纪商,1
1935,模型,1
1936,常规,1
1937,近期内,1
1938,集中管理,1
1939,近期,1
1940,获利,1
1941,载明,1
1942,法是,1
1943,一组,1
1944,其摊,1
1945,各期,1
1946,间或,1
1947,项是,1
1948,法将,1
1949,下该,1
1950,方该,1
1951,指该,1
1952,各段,1
1953,之中,1
1954,替换,1
1955,签署日,1
1956,未指定,1
1957,主合同,1
1958,紧密,1
1959,分拆,1
1960,该种,1
1961,指能,1
1962,性交易,1
1963,扣减,1
1964,含且,1
1965,项本,1
1966,填写,1
1967,以备,1
1968,耗用,1
1969,加工成本,1
1970,本领,1
1971,将要,1
1972,当其,1
1973,消失,1
1974,所指,1
1975,一致同意,1
1976,视,1
1977,中换,1
1978,或原,1
1979,经营者,1
1980,外当期,1
1981,或应,1
1982,除净,1
1983,并据,1
1984,但本,1
1985,零为,1
1986,如本,1
1987,负有,1
1988,额外,1
1989,有形资产,1
1990,时才,1
1991,弃置,1
1992,率年,1
1993,已满,1
1994,届满时,1
1995,动用,1
1996,益后,1
1997,乘以,1
1998,长时间,1
1999,非正常,1
2000,形态,1
2001,如为,1
2002,可供使用,1
2003,时起,1
2004,以使,1
2005,在技术上,1
2006,有用,1
2007,性有,1
2008,两者之间,1
2009,出价,1
2010,搬运费,1
2011,组是,1
2012,最小,1
2013,协同效应,1
2014,至该,1
2015,中除,1
2016,但应,1
2017,负担,1
2018,单方面,1
2019,撤回,1
2020,时和本,1
2021,早日,1
2022,退,1
2023,权时,1
2024,最新,1
2025,时若,1
2026,不利于,1
2027,从未,1
2028,管理权,1
2029,已售,1
2030,具体方法,1
2031,时如,1
2032,虽能,1
2033,不复存在,1
2034,使用费,1
2035,身份,1
2036,补助款,1
2037,中将,1
2038,仅作,1
2039,一般性,1
2040,表述,1
2041,超出,1
2042,交纳,1
2043,征管,1
2044,重要性,1
2045,租赁经营,1
2046,谈判,1
2047,内在,1
2048,假设会,1
2049,需对,1
2050,备抵,1
2051,陈旧,1
2052,滞销,1
2053,可售性,1
2054,依赖于,1
2055,中本,1
2056,变革,1
2057,外当,1
2058,时会,1
2059,同类,1
2060,内本,1
2061,列支,1
2062,主管机关,1
2063,最初,1
2064,税项,1
2065,进项税额,1
2066,销项,1
2067,从价,1
2068,房产,1
2069,减除,1
2070,租,1
2071,本部,1
2072,企业名单,1
2073,甬高企,1
2074,认领,1
2075,号本,1
2076,税务总局,1
2077,金属制品,1
2078,河北,1
2079,骁骜,1
2080,睿,1
2081,卡,1
2082,邱,1
2083,创华,1
2084,金年,1
2085,款年,1
2086,财产保险,1
2087,办事处,1
2088,仓库,1
2089,预缴,1
2090,律师费,1
2091,进项,1
2092,培训费,1
2093,种业,1
2094,种植,1
2095,珠宝,1
2096,弦音,1
2097,雅玲,1
2098,嘉音,1
2099,减加少,1
2100,减加,1
2101,少资,1
2102,飞,1
2103,骏雅,1
2104,朝阳,1
2105,乐翔,1
2106,金蕾,1
2107,艺音,1
2108,艺,1
2109,海大,1
2110,曼乐迪,1
2111,乐音,1
2112,新天,1
2113,沃橙,1
2114,运输设备,1
2115,工程进度,1
2116,非专利,1
2117,平均工资,1
2118,待付,1
2119,向位,1
2120,之注,1
2121,股故,1
2122,元因,1
2123,额减,1
2124,入,1
2125,前上,1
2126,残,1
2127,保金,1
2128,广告费,1
2129,宣传费,1
2130,保险费用,1
2131,社保费,1
2132,代,1
2133,政年,1
2134,府,1
2135,贸,1
2136,中共,1
2137,地方税务局,1
2138,市级,1
2139,展会,1
2140,税务局,1
2141,加计,1
2142,会议费,1
2143,折耗,1
2144,活,1
2145,动,1
2146,如新设,1
2147,软件业,1
2148,数十,1
2149,见本,1
2150,负面影响,1
2151,最低水平,1
2152,最大化,1
2153,底线,1
2154,指因,1
2155,公司财务,1
2156,另一方,1
2157,履行义务,1
2158,小组,1
2159,过期,1
2160,大为,1
2161,源于,1
2162,按未,1
2163,分局,1
2164,注册号,1
2165,企业法人,1
2166,芬系,1
2167,妻子,1
2168,住所,1
2169,北角,1
2170,蚬壳,1
2171,街号秀明,1
2172,楼室,1
2173,商业登记,1
2174,证号码,1
2175,唯一,1
2176,为永盟,1
2177,方是,1
2178,家族,1
2179,八在,1
2180,之兄,1
2181,陈海夫,1
2182,获批,1
2183,未行权,1
2184,失效,1
2185,解禁,1
2186,过后,1
2187,划将,1
2188,名下,1
2189,之差,1
2190,分段,1
2191,元元元,1
2192,协议书,1
2193,座落在,1
2194,云龙,1
2195,镇,1
2196,双桥,1
2197,村厂,1
2198,区内,1
2199,一幢,1
2200,四层楼,1
2201,年租金,1
2202,应予以,1
2203,统称,1
2204,经本,1
2205,既有,1
2206,三类,1
2207,按摊,1
2208,当该,1
2209,下本,1
2210,对以,1
2211,所在地,1
2212,解读,1
2213,此项,1
2214,调整法,1
2215,张敬军,1
2216,次龙龙,1
2217,阮明,1
2218,资资,1
2219,发,1
2220,权放,1
2221,减益,1
2222,或值,1
2223,余位,1
2224,额一,1
2225,明细表,1
2226,二载,1
2227,正本,1
2228,原稿,1
2229,四经,1
2230,文本,1
